-- phpMyAdmin SQL Dump
-- version 5.2.0
-- https://www.phpmyadmin.net/
--
-- Host: 127.0.0.1
-- Generation Time: Mar 24, 2023 at 05:45 AM
-- Server version: 10.4.27-MariaDB
-- PHP Version: 8.0.25

SET SQL_MODE = "NO_AUTO_VALUE_ON_ZERO";
START TRANSACTION;
SET time_zone = "+00:00";


/*!40101 SET @OLD_CHARACTER_SET_CLIENT=@@CHARACTER_SET_CLIENT */;
/*!40101 SET @OLD_CHARACTER_SET_RESULTS=@@CHARACTER_SET_RESULTS */;
/*!40101 SET @OLD_COLLATION_CONNECTION=@@COLLATION_CONNECTION */;
/*!40101 SET NAMES utf8mb4 */;

--
-- Database: `smart_trash_bin`
--

-- --------------------------------------------------------

--
-- Table structure for table `fill_level`
--

CREATE TABLE `fill_level` (
  `BinID` int(11) NOT NULL,
  `Fill_Level` float NOT NULL,
  `Status` tinyint(1) NOT NULL
) ENGINE=InnoDB DEFAULT CHARSET=utf8 COLLATE=utf8_general_ci;

--
-- Dumping data for table `fill_level`
--

INSERT INTO `fill_level` (`BinID`, `Fill_Level`, `Status`) VALUES
(1, 4, 0),
(2, 34, 0),
(3, 34, 0),
(4, 34, 0),
(5, 34, 0);

--
-- Triggers `fill_level`
--
DELIMITER $$
CREATE TRIGGER `update_status_trigger` BEFORE INSERT ON `fill_level` FOR EACH ROW BEGIN
	IF NEW.Fill_Level IS NULL OR NEW.Fill_Level = '' THEN 
    	SET NEW.Fill_Level = '10';	
    ELSEIF NEW.Fill_Level >= 80 THEN
        SET NEW.Status = TRUE;
    ELSE
    	SET NEW.Status = FALSE;
    END IF;
END
$$
DELIMITER ;

-- --------------------------------------------------------

--
-- Table structure for table `fill_level_history`
--

CREATE TABLE `fill_level_history` (
  `recordID` int(11) NOT NULL,
  `BinID` int(11) DEFAULT NULL,
  `recordDate` datetime DEFAULT NULL,
  `fill_percentage` float DEFAULT NULL
) ENGINE=InnoDB DEFAULT CHARSET=utf8mb4 COLLATE=utf8mb4_general_ci;

--
-- Dumping data for table `fill_level_history`
--

INSERT INTO `fill_level_history` (`recordID`, `BinID`, `recordDate`, `fill_percentage`) VALUES
(1, 1, '2023-03-24 00:50:29', 55.55),
(2, 1, '2023-03-24 00:50:29', 55.55),
(3, 1, '2023-03-24 00:50:29', 55.55),
(4, 1, '2023-03-24 00:50:29', 55.55),
(5, 1, '2023-03-24 00:50:29', 55.55),
(6, 1, '2023-03-24 00:50:29', 55.55),
(7, 1, '2023-03-24 00:50:29', 55.55),
(8, 1, '2023-03-24 00:50:29', 55.55),
(9, 1, '2023-03-24 00:50:29', 55.55),
(10, 1, '2023-03-24 00:50:54', 15.55),
(11, 1, '2023-03-24 00:50:54', 25.45),
(12, 1, '2023-03-24 00:50:54', 35.05),
(13, 1, '2023-03-24 00:50:54', 45.95),
(14, 1, '2023-03-24 00:50:54', 55.85),
(15, 1, '2023-03-24 00:50:54', 65.75),
(16, 1, '2023-03-24 00:51:25', 45.55),
(17, 1, '2023-03-24 00:51:25', 37.45),
(18, 1, '2023-03-24 00:51:25', 98.05),
(19, 1, '2023-03-24 00:51:25', 53.95),
(20, 1, '2023-03-24 00:51:25', 12.85),
(21, 1, '2023-03-24 00:51:25', 23.75),
(22, 1, '2023-03-24 00:51:25', 34.55),
(23, 1, '2023-03-24 00:51:25', 45.45),
(24, 1, '2023-03-24 00:51:25', 56.05),
(25, 1, '2023-03-24 00:51:25', 67.95),
(26, 1, '2023-03-24 00:51:25', 78.85),
(27, 1, '2023-03-24 00:51:25', 36.75),
(28, NULL, '2023-03-24 01:37:53', 13.13),
(29, NULL, '2023-03-24 01:37:53', 91.86),
(30, NULL, '2023-03-24 01:37:53', 56.88),
(31, NULL, '2023-03-24 01:37:53', 84.48),
(32, NULL, '2023-03-24 01:37:53', 14.57),
(33, NULL, '2023-03-24 01:37:53', 9),
(34, NULL, '2023-03-24 01:37:53', 24.41),
(35, NULL, '2023-03-24 01:37:53', 33.25),
(36, NULL, '2023-03-24 01:37:53', 79.71),
(37, NULL, '2023-03-24 01:37:53', 12.98),
(38, NULL, '2023-03-24 01:37:53', 20.1),
(39, NULL, '2023-03-24 01:37:53', 35.4),
(40, NULL, '2023-03-24 01:37:53', 10.49),
(41, NULL, '2023-03-24 01:37:53', 94.9),
(42, NULL, '2023-03-24 01:37:53', 62.25),
(43, NULL, '2023-03-24 01:37:53', 97.45),
(44, NULL, '2023-03-24 01:37:53', 30.41),
(45, NULL, '2023-03-24 01:37:53', 36.16),
(46, NULL, '2023-03-24 01:37:53', 67.84),
(47, NULL, '2023-03-24 01:37:53', 37.55),
(48, NULL, '2023-03-24 01:37:53', 6.89),
(49, NULL, '2023-03-24 01:37:53', 18.35),
(50, NULL, '2023-03-24 01:37:53', 0.21),
(51, NULL, '2023-03-24 01:37:53', 66.05),
(52, NULL, '2023-03-24 01:37:53', 72.95),
(53, NULL, '2023-03-24 01:37:53', 73.9),
(54, NULL, '2023-03-24 01:37:53', 69.52),
(55, NULL, '2023-03-24 01:37:53', 80.5),
(56, NULL, '2023-03-24 01:37:53', 60.54),
(57, NULL, '2023-03-24 01:37:53', 62.79),
(58, NULL, '2023-03-24 01:37:53', 65.17),
(59, NULL, '2023-03-24 01:37:53', 77.14),
(60, NULL, '2023-03-24 01:37:53', 12.49),
(61, NULL, '2023-03-24 01:37:53', 26.67),
(62, NULL, '2023-03-24 01:37:53', 46.59),
(63, NULL, '2023-03-24 01:37:53', 94.99),
(64, NULL, '2023-03-24 01:37:53', 45.22),
(65, NULL, '2023-03-24 01:37:53', 84.22),
(66, NULL, '2023-03-24 01:37:53', 72.41),
(67, NULL, '2023-03-24 01:37:53', 99.7),
(68, NULL, '2023-03-24 01:37:53', 63.38),
(69, NULL, '2023-03-24 01:37:53', 59.48),
(70, NULL, '2023-03-24 01:37:53', 84.16),
(71, NULL, '2023-03-24 01:37:53', 96.01),
(72, NULL, '2023-03-24 01:37:53', 27.66),
(73, NULL, '2023-03-24 01:37:53', 58.29),
(74, NULL, '2023-03-24 01:37:53', 30.94),
(75, NULL, '2023-03-24 01:37:53', 39.49),
(76, NULL, '2023-03-24 01:37:53', 21.52),
(77, NULL, '2023-03-24 01:37:53', 77.84),
(78, NULL, '2023-03-24 01:37:53', 14.43),
(79, NULL, '2023-03-24 01:37:53', 0.76),
(80, NULL, '2023-03-24 01:37:53', 96.39),
(81, NULL, '2023-03-24 01:37:53', 94.77),
(82, NULL, '2023-03-24 01:37:53', 7.62),
(83, NULL, '2023-03-24 01:37:53', 8.95),
(84, NULL, '2023-03-24 01:37:53', 25.15),
(85, NULL, '2023-03-24 01:37:53', 76.51),
(86, NULL, '2023-03-24 01:37:53', 58.5),
(87, NULL, '2023-03-24 01:37:53', 60.74),
(88, NULL, '2023-03-24 01:37:53', 64.68),
(89, NULL, '2023-03-24 01:37:53', 14.19),
(90, NULL, '2023-03-24 01:37:53', 73.82),
(91, NULL, '2023-03-24 01:37:53', 46.99),
(92, NULL, '2023-03-24 01:37:53', 25.27),
(93, NULL, '2023-03-24 01:37:53', 10.44),
(94, NULL, '2023-03-24 01:37:53', 82.6),
(95, NULL, '2023-03-24 01:37:53', 62.63),
(96, NULL, '2023-03-24 01:37:53', 84.63),
(97, NULL, '2023-03-24 01:37:53', 53.7),
(98, NULL, '2023-03-24 01:37:53', 98.31),
(99, NULL, '2023-03-24 01:37:53', 75.51),
(100, NULL, '2023-03-24 01:37:53', 83.96),
(101, NULL, '2023-03-24 01:37:53', 88.26),
(102, NULL, '2023-03-24 01:37:53', 68.26),
(103, NULL, '2023-03-24 01:37:53', 74.76),
(104, NULL, '2023-03-24 01:37:53', 87.67),
(105, NULL, '2023-03-24 01:37:53', 23.78),
(106, NULL, '2023-03-24 01:37:53', 31.69),
(107, NULL, '2023-03-24 01:37:53', 11.27),
(108, NULL, '2023-03-24 01:37:53', 94.81),
(109, NULL, '2023-03-24 01:37:53', 95.9),
(110, NULL, '2023-03-24 01:37:53', 42.8),
(111, NULL, '2023-03-24 01:37:53', 46.69),
(112, NULL, '2023-03-24 01:37:53', 10.73),
(113, NULL, '2023-03-24 01:37:53', 93.5),
(114, NULL, '2023-03-24 01:37:53', 17.9),
(115, NULL, '2023-03-24 01:37:53', 64.42),
(116, NULL, '2023-03-24 01:37:53', 36.67),
(117, NULL, '2023-03-24 01:37:53', 52.74),
(118, NULL, '2023-03-24 01:37:53', 86.65),
(119, NULL, '2023-03-24 01:37:53', 21.86),
(120, NULL, '2023-03-24 01:37:53', 40.99),
(121, NULL, '2023-03-24 01:37:53', 45.94),
(122, NULL, '2023-03-24 01:37:53', 8.35),
(123, NULL, '2023-03-24 01:37:53', 80.2),
(124, NULL, '2023-03-24 01:37:53', 31.89),
(125, NULL, '2023-03-24 01:37:53', 74.31),
(126, NULL, '2023-03-24 01:37:53', 27.13),
(127, NULL, '2023-03-24 01:37:53', 73.72),
(128, NULL, '2023-03-24 01:37:53', 4.71),
(129, NULL, '2023-03-24 01:37:53', 99.38),
(130, NULL, '2023-03-24 01:37:53', 88.17),
(131, NULL, '2023-03-24 01:37:53', 99.69),
(132, NULL, '2023-03-24 01:37:53', 51.82),
(133, NULL, '2023-03-24 01:37:53', 13.73),
(134, NULL, '2023-03-24 01:37:53', 4.05),
(135, NULL, '2023-03-24 01:37:53', 80.98),
(136, NULL, '2023-03-24 01:37:53', 4.21),
(137, NULL, '2023-03-24 01:37:53', 94.41),
(138, NULL, '2023-03-24 01:37:53', 90.05),
(139, NULL, '2023-03-24 01:37:53', 13.32),
(140, NULL, '2023-03-24 01:37:53', 71.25),
(141, NULL, '2023-03-24 01:37:53', 76.78),
(142, NULL, '2023-03-24 01:37:53', 90.69),
(143, NULL, '2023-03-24 01:37:53', 49.4),
(144, NULL, '2023-03-24 01:37:53', 86.66),
(145, NULL, '2023-03-24 01:37:53', 86.69),
(146, NULL, '2023-03-24 01:37:53', 92.66),
(147, NULL, '2023-03-24 01:37:53', 84.66),
(148, NULL, '2023-03-24 01:37:53', 43.64),
(149, NULL, '2023-03-24 01:37:53', 47.6),
(150, NULL, '2023-03-24 01:37:53', 98.93),
(151, NULL, '2023-03-24 01:37:53', 17.29),
(152, NULL, '2023-03-24 01:37:53', 93.57),
(153, NULL, '2023-03-24 01:37:53', 98),
(154, NULL, '2023-03-24 01:37:53', 69.48),
(155, NULL, '2023-03-24 01:37:53', 6.93),
(156, NULL, '2023-03-24 01:37:53', 61.48),
(157, NULL, '2023-03-24 01:37:53', 28.62),
(158, NULL, '2023-03-24 01:37:53', 48.45),
(159, NULL, '2023-03-24 01:37:53', 36.15),
(160, NULL, '2023-03-24 01:37:53', 36.91),
(161, NULL, '2023-03-24 01:37:53', 73.65),
(162, NULL, '2023-03-24 01:37:53', 28.06),
(163, NULL, '2023-03-24 01:37:53', 53),
(164, NULL, '2023-03-24 01:37:53', 70.22),
(165, NULL, '2023-03-24 01:37:53', 34.25),
(166, NULL, '2023-03-24 01:37:53', 22.97),
(167, NULL, '2023-03-24 01:37:53', 46.9),
(168, NULL, '2023-03-24 01:37:53', 39.27),
(169, NULL, '2023-03-24 01:37:53', 95.49),
(170, NULL, '2023-03-24 01:37:53', 50.18),
(171, NULL, '2023-03-24 01:37:53', 13.89),
(172, NULL, '2023-03-24 01:37:53', 77.87),
(173, NULL, '2023-03-24 01:37:53', 56.84),
(174, NULL, '2023-03-24 01:37:53', 23.01),
(175, NULL, '2023-03-24 01:37:53', 85.29),
(176, NULL, '2023-03-24 01:37:53', 5.16),
(177, NULL, '2023-03-24 01:37:53', 69.06),
(178, 1, '2023-03-24 09:17:05', 0),
(179, 1, '2023-03-24 09:17:15', 0),
(180, 1, '2023-03-24 09:17:26', 0),
(181, 1, '2023-03-24 09:17:36', 0),
(182, 1, '2023-03-24 09:17:47', 0),
(183, 1, '2023-03-24 09:17:52', 0),
(184, 1, '2023-03-24 09:17:57', 0),
(185, 1, '2023-03-24 09:18:03', 0),
(186, 1, '2023-03-24 09:18:13', 0),
(187, 1, '2023-03-24 09:18:24', 0),
(188, 1, '2023-03-24 09:18:29', 0),
(189, 1, '2023-03-24 09:18:34', 0),
(190, 1, '2023-03-24 09:18:45', 0),
(191, 1, '2023-03-24 09:18:50', 0),
(192, 1, '2023-03-24 09:19:01', 0),
(193, 1, '2023-03-24 09:19:11', 0),
(194, 1, '2023-03-24 09:19:21', 0),
(195, 1, '2023-03-24 09:19:32', 0),
(196, 1, '2023-03-24 09:19:42', 0),
(197, 1, '2023-03-24 09:19:52', 4),
(198, 1, '2023-03-24 09:20:08', 3.93),
(199, 1, '2023-03-24 09:20:18', 2.41),
(200, 1, '2023-03-24 09:20:29', 4),
(201, 1, '2023-03-24 09:20:44', 4),
(202, 1, '2023-03-24 09:20:49', 4),
(203, 1, '2023-03-24 09:21:05', 2.27),
(204, 1, '2023-03-24 09:21:20', 4),
(205, 1, '2023-03-24 09:21:35', 3.93),
(206, 1, '2023-03-24 09:21:46', 3.93),
(207, 1, '2023-03-24 09:22:01', 4),
(208, 1, '2023-03-24 09:22:11', 4),
(209, 1, '2023-03-24 09:22:22', 2.41),
(210, 1, '2023-03-24 09:22:37', 2.27),
(211, 1, '2023-03-24 09:22:53', 3.93),
(212, 1, '2023-03-24 09:23:08', 4),
(213, 1, '2023-03-24 09:23:23', 4),
(214, 1, '2023-10-03 00:00:00', 13.13),
(215, 1, '2023-03-24 00:00:00', 91.86),
(216, 1, '2023-06-28 00:00:00', 56.88),
(217, 1, '2023-01-01 00:00:00', 84.48),
(218, 1, '2023-05-20 00:00:00', 14.57),
(219, 1, '2023-03-11 00:00:00', 9),
(220, 1, '2023-12-27 00:00:00', 24.41),
(221, 1, '2023-01-05 00:00:00', 33.25),
(222, 1, '2023-07-29 00:00:00', 79.71),
(223, 1, '2023-09-09 00:00:00', 12.98),
(224, 1, '2023-02-25 00:00:00', 20.1),
(225, 1, '2023-08-09 00:00:00', 35.4),
(226, 1, '2023-12-13 00:00:00', 10.49),
(227, 1, '2023-10-10 00:00:00', 94.9),
(228, 1, '2023-08-14 00:00:00', 62.25),
(229, 1, '2023-09-13 00:00:00', 97.45),
(230, 1, '2023-02-04 00:00:00', 30.41),
(231, 1, '2023-03-21 00:00:00', 36.16),
(232, 1, '2023-05-21 00:00:00', 67.84),
(233, 1, '2023-02-17 00:00:00', 37.55),
(234, 1, '2023-05-25 00:00:00', 6.89),
(235, 1, '2023-05-14 00:00:00', 18.35),
(236, 1, '2023-05-04 00:00:00', 0.21),
(237, 1, '2023-12-20 00:00:00', 66.05),
(238, 1, '2023-12-31 00:00:00', 72.95),
(239, 1, '2023-04-20 00:00:00', 73.9),
(240, 1, '2023-11-13 00:00:00', 69.52),
(241, 1, '2023-12-21 00:00:00', 80.5),
(242, 1, '2023-05-12 00:00:00', 60.54),
(243, 1, '2023-10-25 00:00:00', 62.79),
(244, 1, '2023-02-27 00:00:00', 65.17),
(245, 1, '2023-01-10 00:00:00', 77.14),
(246, 1, '2023-09-26 00:00:00', 12.49),
(247, 1, '2023-07-05 00:00:00', 26.67),
(248, 1, '2023-03-28 00:00:00', 46.59),
(249, 1, '2023-11-22 00:00:00', 94.99),
(250, 1, '2023-09-24 00:00:00', 45.22),
(251, 1, '2023-02-18 00:00:00', 84.22),
(252, 1, '2023-10-18 00:00:00', 72.41),
(253, 1, '2023-04-15 00:00:00', 99.7),
(254, 1, '2023-04-26 00:00:00', 63.38),
(255, 1, '2023-10-22 00:00:00', 59.48),
(256, 1, '2023-08-10 00:00:00', 84.16),
(257, 1, '2023-09-28 00:00:00', 96.01),
(258, 1, '2023-09-10 00:00:00', 27.66),
(259, 1, '2023-02-12 00:00:00', 58.29),
(260, 1, '2023-04-12 00:00:00', 30.94),
(261, 1, '2023-09-03 00:00:00', 39.49),
(262, 1, '2023-10-15 00:00:00', 21.52),
(263, 1, '2023-06-06 00:00:00', 77.84),
(264, 1, '2023-12-02 00:00:00', 14.43),
(265, 1, '2023-11-21 00:00:00', 0.76),
(266, 1, '2023-03-15 00:00:00', 96.39),
(267, 1, '2023-10-12 00:00:00', 94.77),
(268, 1, '2023-05-19 00:00:00', 7.62),
(269, 1, '2023-04-07 00:00:00', 8.95),
(270, 1, '2023-08-07 00:00:00', 25.15),
(271, 1, '2023-12-30 00:00:00', 76.51),
(272, 1, '2023-04-22 00:00:00', 58.5),
(273, 1, '2023-04-08 00:00:00', 60.74),
(274, 1, '2023-09-17 00:00:00', 64.68),
(275, 1, '2023-04-28 00:00:00', 14.19),
(276, 1, '2023-02-20 00:00:00', 73.82),
(277, 1, '2023-05-08 00:00:00', 46.99),
(278, 1, '2023-05-24 00:00:00', 25.27),
(279, 1, '2023-05-02 00:00:00', 10.44),
(280, 1, '2023-01-06 00:00:00', 82.6),
(281, 1, '2023-11-02 00:00:00', 62.63),
(282, 1, '2023-12-16 00:00:00', 84.63),
(283, 1, '2023-03-05 00:00:00', 53.7),
(284, 1, '2023-11-06 00:00:00', 98.31),
(285, 1, '2023-08-05 00:00:00', 75.51),
(286, 1, '2023-09-05 00:00:00', 83.96),
(287, 1, '2023-09-20 00:00:00', 88.26),
(288, 1, '2023-12-01 00:00:00', 68.26),
(289, 1, '2023-05-15 00:00:00', 74.76),
(290, 1, '2023-12-25 00:00:00', 87.67),
(291, 1, '2023-04-30 00:00:00', 23.78),
(292, 1, '2023-11-09 00:00:00', 31.69),
(293, 1, '2023-09-18 00:00:00', 11.27),
(294, 1, '2023-04-10 00:00:00', 94.81),
(295, 1, '2023-03-27 00:00:00', 95.9),
(296, 1, '2023-06-17 00:00:00', 42.8),
(297, 1, '2023-12-09 00:00:00', 46.69),
(298, 1, '2023-08-04 00:00:00', 10.73),
(299, 1, '2023-05-06 00:00:00', 93.5),
(300, 1, '2023-01-20 00:00:00', 17.9),
(301, 1, '2023-03-12 00:00:00', 64.42),
(302, 1, '2023-06-12 00:00:00', 36.67),
(303, 1, '2023-06-22 00:00:00', 52.74),
(304, 1, '2023-07-03 00:00:00', 86.65),
(305, 1, '2023-11-11 00:00:00', 21.86),
(306, 1, '2023-03-07 00:00:00', 40.99),
(307, 1, '2023-01-27 00:00:00', 45.94),
(308, 1, '2023-08-01 00:00:00', 8.35),
(309, 1, '2023-07-16 00:00:00', 80.2),
(310, 1, '2023-07-23 00:00:00', 31.89),
(311, 1, '2023-11-08 00:00:00', 74.31),
(312, 1, '2023-07-31 00:00:00', 27.13),
(313, 1, '2023-01-26 00:00:00', 73.72),
(314, 1, '2023-06-23 00:00:00', 4.71),
(315, 1, '2023-07-19 00:00:00', 99.38),
(316, 1, '2023-07-21 00:00:00', 88.17),
(317, 1, '2023-12-08 00:00:00', 99.69),
(318, 1, '2023-04-29 00:00:00', 51.82),
(319, 1, '2023-01-25 00:00:00', 13.73),
(320, 1, '2023-10-24 00:00:00', 4.05),
(321, 1, '2023-03-04 00:00:00', 80.98),
(322, 1, '2023-11-16 00:00:00', 4.21),
(323, 1, '2023-06-01 00:00:00', 94.41),
(324, 1, '2023-04-23 00:00:00', 90.05),
(325, 1, '2023-03-08 00:00:00', 13.32),
(326, 1, '2023-05-03 00:00:00', 71.25),
(327, 1, '2023-10-27 00:00:00', 76.78),
(328, 1, '2023-11-18 00:00:00', 90.69),
(329, 1, '2023-09-21 00:00:00', 49.4),
(330, 1, '2023-09-25 00:00:00', 86.66),
(331, 1, '2023-06-18 00:00:00', 86.69),
(332, 1, '2023-04-18 00:00:00', 92.66),
(333, 1, '2023-12-23 00:00:00', 84.66),
(334, 1, '2023-03-18 00:00:00', 43.64),
(335, 1, '2023-02-13 00:00:00', 47.6),
(336, 1, '2023-04-09 00:00:00', 98.93),
(337, 1, '2023-05-30 00:00:00', 17.29),
(338, 1, '2023-07-20 00:00:00', 93.57),
(339, 1, '2023-06-27 00:00:00', 98),
(340, 1, '2023-11-27 00:00:00', 69.48),
(341, 1, '2023-07-26 00:00:00', 6.93),
(342, 1, '2023-10-14 00:00:00', 61.48),
(343, 1, '2023-10-17 00:00:00', 28.62),
(344, 1, '2023-08-12 00:00:00', 48.45),
(345, 1, '2023-12-12 00:00:00', 36.15),
(346, 1, '2023-12-24 00:00:00', 36.91),
(347, 1, '2023-02-10 00:00:00', 73.65),
(348, 1, '2023-07-04 00:00:00', 28.06),
(349, 1, '2023-07-12 00:00:00', 53),
(350, 1, '2023-11-30 00:00:00', 70.22),
(351, 1, '2023-07-17 00:00:00', 34.25),
(352, 1, '2023-08-19 00:00:00', 22.97),
(353, 1, '2023-03-31 00:00:00', 46.9),
(354, 1, '2023-09-16 00:00:00', 39.27),
(355, 1, '2023-07-09 00:00:00', 95.49),
(356, 1, '2023-08-23 00:00:00', 50.18),
(357, 1, '2023-11-07 00:00:00', 13.89),
(358, 1, '2023-11-19 00:00:00', 77.87),
(359, 1, '2023-03-09 00:00:00', 56.84),
(360, 1, '2023-12-15 00:00:00', 23.01),
(361, 1, '2023-04-05 00:00:00', 85.29),
(362, 1, '2023-10-11 00:00:00', 5.16),
(363, 1, '2023-02-14 00:00:00', 69.06),
(364, 5, '2022-05-24 14:05:13', 83.86),
(365, 4, '2022-12-03 10:10:25', 46.54),
(366, 1, '2022-08-11 13:02:31', 77.19),
(367, 5, '2022-01-15 06:46:53', 81.27),
(368, 1, '2022-12-20 17:43:05', 29.84),
(369, 9, '2022-01-06 07:56:33', 85.95),
(370, 7, '2022-09-03 06:38:07', 82.81),
(371, 1, '2022-08-29 03:46:13', 72),
(372, 4, '2022-01-10 03:36:33', 74.87),
(373, 8, '2022-11-11 14:17:38', 2.08),
(374, 7, '2022-06-05 09:41:42', 41.69),
(375, 1, '2022-08-04 02:29:31', 43.89),
(376, 9, '2022-05-15 01:11:22', 25.14),
(377, 6, '2022-07-10 20:11:14', 18.28),
(378, 2, '2022-11-27 12:20:07', 29.16),
(379, 9, '2022-09-05 09:39:11', 8.45),
(380, 7, '2022-11-18 04:09:25', 1.97),
(381, 2, '2022-10-13 07:46:51', 15.8),
(382, 7, '2022-01-24 22:23:32', 22.98),
(383, 9, '2022-12-20 02:18:59', 38.32),
(384, 6, '2022-10-28 17:15:19', 58.55),
(385, 8, '2022-09-18 23:16:00', 76.13),
(386, 6, '2022-01-03 10:29:57', 75.95),
(387, 2, '2022-04-19 02:03:20', 66.51),
(388, 2, '2022-12-08 12:28:36', 32.94),
(389, 6, '2022-11-11 23:29:44', 83.08),
(390, 1, '2022-11-24 06:01:20', 8.98),
(391, 8, '2022-07-04 01:12:53', 39.3),
(392, 7, '2022-05-11 23:37:12', 4.22),
(393, 1, '2022-12-03 02:56:16', 57.12),
(394, 8, '2022-04-22 07:08:59', 94.79),
(395, 4, '2022-03-06 00:56:39', 97.1),
(396, 2, '2022-11-15 02:12:25', 78.67),
(397, 7, '2022-04-08 19:09:38', 26.86),
(398, 1, '2022-01-15 20:22:53', 51.4),
(399, 8, '2022-01-06 07:33:42', 3.12),
(400, 5, '2022-03-03 05:10:28', 94.5),
(401, 4, '2022-07-13 00:07:42', 74.66),
(402, 2, '2022-03-07 00:27:45', 68.84),
(403, 6, '2022-11-01 20:42:34', 56.63),
(404, 8, '2022-10-14 12:04:00', 59.4),
(405, 9, '2022-12-06 20:31:24', 14.02),
(406, 4, '2022-04-14 14:52:37', 24.19),
(407, 9, '2022-05-23 15:35:42', 4.31),
(408, 2, '2022-02-18 20:48:40', 74.25),
(409, 9, '2022-10-23 05:51:14', 25.29),
(410, 2, '2022-05-27 07:39:14', 31.15),
(411, 6, '2022-08-10 16:32:54', 88.21),
(412, 9, '2022-09-18 10:50:30', 4.66),
(413, 7, '2022-02-24 09:02:53', 81.61),
(414, 9, '2022-11-15 06:39:28', 97.74),
(415, 6, '2022-04-27 20:33:48', 48.84),
(416, 8, '2022-04-25 13:47:51', 3.19),
(417, 2, '2022-10-11 19:28:08', 77.77),
(418, 6, '2022-01-28 07:19:55', 52.04),
(419, 5, '2022-09-06 23:40:52', 13.48),
(420, 1, '2022-11-29 18:23:01', 59.52),
(421, 3, '2022-08-11 18:55:27', 13.62),
(422, 1, '2022-10-25 04:48:54', 66.13),
(423, 5, '2022-10-14 12:25:43', 87.47),
(424, 9, '2022-02-14 06:52:59', 56.1),
(425, 1, '2022-02-09 15:33:27', 27.47),
(426, 2, '2022-12-04 19:22:21', 84.7),
(427, 8, '2022-03-15 21:11:38', 85.87),
(428, 4, '2022-06-16 12:47:51', 49.43),
(429, 5, '2022-12-29 02:30:13', 53.82),
(430, 1, '2022-10-09 14:06:45', 32.13),
(431, 6, '2022-12-15 20:49:36', 73.07),
(432, 2, '2022-03-20 18:22:20', 16.62),
(433, 7, '2022-04-05 05:10:08', 27.94),
(434, 1, '2022-01-23 10:54:37', 56.25),
(435, 7, '2022-04-14 05:40:49', 10.99),
(436, 5, '2022-05-03 20:21:45', 35.47),
(437, 9, '2022-05-26 17:21:25', 50.65),
(438, 1, '2022-03-10 03:31:41', 47.8),
(439, 9, '2022-01-05 17:25:32', 30.52),
(440, 7, '2022-11-18 04:57:52', 20.86),
(441, 1, '2022-06-12 06:29:42', 29.54),
(442, 8, '2022-02-16 10:59:47', 82.3),
(443, 1, '2022-09-02 10:37:19', 42.5),
(444, 3, '2022-04-08 22:23:17', 67.09),
(445, 5, '2022-08-31 08:49:22', 76.39),
(446, 1, '2022-09-17 05:52:15', 26.61),
(447, 8, '2022-01-11 17:05:58', 66.58),
(448, 1, '2022-07-14 17:13:12', 20.33),
(449, 9, '2022-02-24 18:12:09', 60.16),
(450, 9, '2022-07-15 10:02:50', 11.15),
(451, 9, '2022-10-24 14:08:42', 45.18),
(452, 3, '2022-01-01 14:45:50', 62.58),
(453, 9, '2022-06-12 09:43:38', 65.14),
(454, 1, '2022-06-01 07:39:28', 55.61),
(455, 7, '2022-12-26 01:41:15', 73.72),
(456, 5, '2022-09-30 19:26:07', 8.73),
(457, 8, '2022-10-29 08:06:40', 47.33),
(458, 5, '2022-11-10 16:11:07', 58.85),
(459, 4, '2022-01-26 01:46:03', 31.33),
(460, 5, '2022-06-24 17:15:19', 8.14),
(461, 1, '2022-07-20 09:54:36', 73.03),
(462, 4, '2022-06-05 12:59:25', 58.97),
(463, 6, '2022-01-22 05:49:02', 69.7),
(464, 8, '2022-01-02 04:06:52', 84.5),
(465, 8, '2022-08-18 19:55:22', 30.45),
(466, 1, '2022-09-11 06:56:10', 79.56),
(467, 8, '2022-10-18 06:41:21', 55.39),
(468, 1, '2022-07-31 00:52:48', 89.46),
(469, 5, '2022-02-20 15:50:59', 5.43),
(470, 3, '2022-08-25 12:02:55', 58.43),
(471, 1, '2022-05-04 08:15:07', 30.1),
(472, 1, '2022-03-30 19:26:33', 93.57),
(473, 2, '2022-12-13 15:01:41', 35.12),
(474, 9, '2022-10-15 14:34:31', 19.14),
(475, 1, '2022-01-09 22:29:15', 32.69),
(476, 6, '2022-07-27 00:53:33', 18.35),
(477, 5, '2022-01-19 11:31:53', 63.14),
(478, 7, '2022-01-09 11:21:26', 31.66),
(479, 7, '2022-01-15 21:33:12', 17.6),
(480, 2, '2022-10-02 22:19:54', 17.17),
(481, 3, '2022-03-19 01:00:31', 74.8),
(482, 6, '2022-03-10 22:13:32', 77.55),
(483, 3, '2022-07-08 03:25:09', 52.41),
(484, 2, '2022-12-30 05:47:07', 31.98),
(485, 5, '2022-08-20 15:06:02', 43.06),
(486, 1, '2022-03-24 04:51:59', 17.98),
(487, 7, '2022-10-02 19:24:54', 46.88),
(488, 7, '2022-10-12 20:50:24', 43.85),
(489, 1, '2022-04-17 09:12:29', 58.64),
(490, 2, '2022-05-15 22:30:16', 70.52),
(491, 9, '2022-01-31 13:22:19', 27.5),
(492, 7, '2022-01-06 12:45:19', 4.87),
(493, 9, '2022-01-11 22:35:47', 20.41),
(494, 1, '2022-08-19 22:40:13', 23.94),
(495, 1, '2022-01-15 09:58:25', 32.92),
(496, 3, '2022-03-22 03:03:26', 25.94),
(497, 3, '2022-06-04 10:25:32', 49.24),
(498, 9, '2022-04-13 20:47:41', 10.14),
(499, 5, '2022-10-09 00:25:51', 15.03),
(500, 1, '2022-07-07 13:37:59', 16.72),
(501, 6, '2022-04-06 06:43:33', 63.13),
(502, 1, '2022-08-04 13:42:27', 1.39),
(503, 4, '2022-06-25 16:02:52', 54.13),
(504, 8, '2022-10-09 02:30:53', 25.13),
(505, 8, '2022-10-19 21:47:41', 39.92),
(506, 1, '2022-01-31 16:31:41', 38.08),
(507, 3, '2022-12-27 11:42:16', 79.15),
(508, 6, '2022-02-09 07:46:45', 57.4),
(509, 7, '2022-02-28 14:15:27', 44.62),
(510, 9, '2022-12-01 06:09:48', 32.29),
(511, 5, '2022-06-07 12:49:41', 88.23),
(512, 3, '2022-12-14 16:49:44', 4.75),
(513, 8, '2022-07-25 17:30:14', 13.76),
(514, 1, '2022-05-29 12:24:41', 49.08),
(515, 8, '2022-01-29 13:36:52', 36.73),
(516, 1, '2022-05-15 04:57:04', 76.82),
(517, 4, '2022-06-18 23:08:16', 62.32),
(518, 9, '2022-07-16 16:01:10', 43.19),
(519, 7, '2022-05-30 21:11:58', 68.22),
(520, 6, '2022-03-26 00:36:41', 26.32),
(521, 5, '2022-10-07 15:32:46', 53.91),
(522, 3, '2022-02-27 20:39:13', 29.82),
(523, 9, '2022-06-28 00:50:07', 1.65),
(524, 9, '2022-11-03 13:22:11', 7.8),
(525, 8, '2022-10-28 09:05:16', 73.84),
(526, 1, '2022-12-15 08:01:46', 79.57),
(527, 3, '2022-08-23 14:11:32', 8.16),
(528, 5, '2022-11-05 20:32:39', 30.61),
(529, 1, '2022-10-05 01:44:25', 33.91),
(530, 2, '2022-08-13 23:37:31', 70.1),
(531, 6, '2022-06-07 18:26:10', 74.95),
(532, 9, '2022-02-05 09:29:02', 63.1),
(533, 6, '2022-01-21 00:44:29', 34.02),
(534, 9, '2022-12-28 12:18:55', 57.01),
(535, 5, '2022-03-31 21:41:25', 26.7),
(536, 6, '2022-10-22 20:15:23', 10.91),
(537, 1, '2022-05-20 03:57:09', 43.67),
(538, 1, '2022-07-17 18:19:47', 61.82),
(539, 6, '2022-06-14 13:05:47', 86.56),
(540, 7, '2022-12-12 05:12:38', 89.74),
(541, 7, '2022-05-26 14:25:25', 9.55),
(542, 7, '2022-07-03 15:21:46', 45.94),
(543, 9, '2022-07-07 12:22:28', 15.33),
(544, 1, '2022-05-09 19:40:33', 88.49),
(545, 5, '2022-01-20 03:01:34', 93.03),
(546, 2, '2022-01-28 12:48:03', 77.9),
(547, 3, '2022-08-31 14:04:49', 96.45),
(548, 4, '2022-08-12 13:11:34', 24.59),
(549, 3, '2022-10-01 22:10:57', 54.99),
(550, 8, '2022-07-04 03:14:34', 56.54),
(551, 3, '2022-05-23 19:15:05', 69.37),
(552, 1, '2022-11-11 00:16:35', 62.05),
(553, 5, '2022-04-11 17:50:01', 38.84),
(554, 4, '2022-02-12 17:19:26', 96.65),
(555, 9, '2022-01-23 10:31:20', 30.56),
(556, 3, '2022-06-12 17:24:50', 93.51),
(557, 8, '2022-11-26 18:01:33', 86.68),
(558, 1, '2022-10-18 08:12:24', 35.35),
(559, 7, '2022-07-11 02:12:34', 71.31),
(560, 2, '2022-04-09 01:31:24', 36.37),
(561, 2, '2022-01-30 05:04:57', 58.65),
(562, 4, '2022-08-30 09:28:45', 66.63),
(563, 1, '2022-04-23 09:17:46', 22.63),
(564, 4, '2022-08-01 12:05:55', 7.3),
(565, 1, '2022-12-29 06:51:38', 58.25),
(566, 1, '2022-03-05 14:24:26', 90.58),
(567, 9, '2022-10-15 20:04:49', 61.22),
(568, 1, '2022-02-01 20:00:39', 86.58),
(569, 6, '2022-12-23 03:56:17', 19.32),
(570, 2, '2022-06-28 01:37:23', 26.82),
(571, 1, '2022-08-30 17:59:23', 97.37),
(572, 8, '2022-01-11 14:11:28', 51.62),
(573, 5, '2022-07-13 20:55:53', 89.62),
(574, 4, '2022-05-11 16:10:31', 95.28),
(575, 6, '2022-10-06 03:55:19', 55.01),
(576, 4, '2022-09-10 12:35:59', 16.63),
(577, 6, '2022-05-10 20:53:43', 64.25),
(578, 6, '2022-04-14 02:31:26', 66.37),
(579, 1, '2022-05-08 16:18:56', 27.44),
(580, 1, '2022-06-19 18:29:32', 96.6),
(581, 6, '2022-04-07 05:32:27', 98.11),
(582, 5, '2022-12-09 02:00:31', 64.36),
(583, 8, '2022-10-23 19:00:12', 79.63),
(584, 5, '2022-05-05 13:21:31', 87.66),
(585, 5, '2022-12-24 12:46:08', 38),
(586, 2, '2022-11-18 08:45:21', 96.58),
(587, 2, '2022-06-22 15:24:42', 5.22),
(588, 9, '2022-09-08 04:59:16', 14.03),
(589, 5, '2022-12-28 12:19:05', 31.06),
(590, 1, '2022-11-14 08:09:22', 11.86),
(591, 7, '2022-07-25 18:45:46', 30.97),
(592, 1, '2022-01-29 10:23:59', 4),
(593, 9, '2022-05-22 13:15:45', 3.33),
(594, 8, '2022-12-04 12:14:10', 16.02),
(595, 3, '2022-05-20 06:14:13', 38.64),
(596, 4, '2022-12-26 23:32:13', 86.84),
(597, 1, '2022-03-13 02:37:56', 85.94),
(598, 3, '2022-10-23 15:02:59', 32.62),
(599, 5, '2022-10-20 23:29:34', 29.15),
(600, 3, '2022-12-12 09:58:19', 77.34),
(601, 6, '2022-07-12 09:41:23', 50),
(602, 9, '2022-04-10 13:10:40', 40.93),
(603, 1, '2022-01-29 17:15:26', 74.96),
(604, 7, '2022-02-27 06:32:52', 13.09),
(605, 1, '2022-02-07 10:55:32', 21.77),
(606, 5, '2022-12-27 07:44:15', 88.06),
(607, 3, '2022-02-21 03:31:23', 72.23),
(608, 9, '2022-03-08 13:51:56', 58.2),
(609, 4, '2022-11-23 04:08:51', 85.39),
(610, 6, '2022-08-31 01:47:39', 28.64),
(611, 4, '2022-11-20 16:34:41', 31.61),
(612, 7, '2022-02-18 04:32:55', 52.66),
(613, 4, '2022-07-10 00:17:21', 56.46),
(614, 2, '2022-03-01 14:24:03', 33.13),
(615, 2, '2022-12-25 06:10:10', 84.73),
(616, 4, '2022-05-12 18:02:06', 29.3),
(617, 6, '2022-04-02 02:02:22', 11.32),
(618, 7, '2022-03-07 17:47:08', 16.14),
(619, 5, '2022-12-01 07:22:47', 85.65),
(620, 1, '2022-09-24 19:25:25', 15.87),
(621, 8, '2022-06-25 19:48:02', 26.8),
(622, 1, '2022-10-06 08:51:44', 14.73),
(623, 2, '2022-11-20 15:52:39', 51.6),
(624, 1, '2022-11-17 11:31:15', 69.57),
(625, 3, '2022-10-10 08:29:02', 68.24),
(626, 9, '2022-12-12 17:22:36', 87.14),
(627, 1, '2022-07-11 06:40:59', 22.28),
(628, 7, '2022-10-14 22:49:28', 83.77),
(629, 1, '2022-08-27 09:32:54', 45.66),
(630, 2, '2022-11-25 11:38:37', 24.26),
(631, 3, '2022-06-29 01:37:03', 25.22),
(632, 2, '2022-07-12 16:36:01', 91.54),
(633, 7, '2022-04-05 06:13:53', 58.16),
(634, 1, '2022-05-19 13:06:28', 43.77),
(635, 7, '2022-10-23 13:45:17', 68.77),
(636, 6, '2022-10-14 02:22:16', 13),
(637, 1, '2022-04-03 09:48:51', 50.18),
(638, 6, '2022-11-29 08:51:01', 66.6),
(639, 2, '2022-05-17 12:56:19', 85.34),
(640, 7, '2022-07-24 09:48:27', 37.26),
(641, 7, '2022-07-08 10:53:39', 84.56),
(642, 8, '2022-05-09 12:45:17', 87.5),
(643, 8, '2022-01-08 18:32:00', 39.27),
(644, 2, '2022-05-03 19:36:11', 2.47),
(645, 3, '2022-09-05 09:54:53', 72.33),
(646, 5, '2022-10-30 22:31:56', 28.68),
(647, 5, '2022-12-01 14:48:46', 68.01),
(648, 1, '2022-07-19 07:38:13', 53.11),
(649, 1, '2022-02-26 19:27:25', 21.67),
(650, 2, '2022-08-01 16:34:15', 20.76),
(651, 5, '2022-05-16 23:56:44', 13.45),
(652, 1, '2022-05-04 08:52:33', 75.27),
(653, 5, '2022-03-03 08:07:16', 8.93),
(654, 9, '2022-05-06 22:15:44', 49.03),
(655, 6, '2022-05-04 16:12:18', 88.67),
(656, 3, '2022-01-04 19:38:36', 30.73),
(657, 1, '2022-07-31 19:51:11', 53.42),
(658, 1, '2022-04-03 06:39:14', 61.42),
(659, 3, '2022-12-25 10:25:08', 26.59),
(660, 5, '2022-01-15 20:45:42', 94.8),
(661, 2, '2022-10-03 17:40:15', 24.71),
(662, 1, '2022-03-02 15:08:34', 77.61),
(663, 1, '2022-06-20 15:56:45', 81.89),
(664, 7, '2022-03-08 04:39:39', 75.21),
(665, 9, '2022-01-07 22:18:39', 76.76),
(666, 9, '2022-11-20 01:52:35', 1.84),
(667, 5, '2022-05-04 23:52:00', 51.61),
(668, 9, '2022-12-10 15:46:58', 71.04),
(669, 1, '2022-04-14 08:06:25', 91.02),
(670, 8, '2022-07-31 15:54:31', 10.7),
(671, 1, '2022-02-19 16:18:46', 31.49),
(672, 1, '2022-01-08 05:54:00', 63.43),
(673, 4, '2022-07-07 00:00:37', 77.5),
(674, 1, '2022-11-06 01:31:52', 87.17),
(675, 4, '2022-01-09 17:27:11', 47.19),
(676, 6, '2022-12-18 02:59:19', 41.36),
(677, 1, '2022-02-17 23:52:51', 16.89),
(678, 9, '2022-05-22 12:20:25', 35.67),
(679, 3, '2022-12-23 22:37:43', 46.75),
(680, 9, '2022-10-24 05:37:35', 66.04),
(681, 4, '2022-10-01 03:07:35', 74.88),
(682, 1, '2022-01-06 18:20:53', 12.3),
(683, 1, '2022-01-19 03:20:56', 75.62),
(684, 9, '2022-04-07 19:03:25', 36.44),
(685, 8, '2022-12-13 12:21:08', 83.58),
(686, 8, '2022-08-15 08:39:30', 1.28),
(687, 1, '2022-08-23 07:33:11', 93.23),
(688, 7, '2022-10-11 16:03:43', 65.66),
(689, 5, '2022-12-31 19:56:45', 32.52),
(690, 5, '2022-01-31 19:01:11', 35.3),
(691, 8, '2022-11-02 23:07:44', 40.39),
(692, 2, '2022-03-29 04:02:21', 26.72),
(693, 5, '2022-03-29 13:26:02', 69.41),
(694, 2, '2022-10-23 17:08:29', 1.68),
(695, 6, '2022-05-03 18:09:18', 54.06),
(696, 6, '2022-10-10 10:01:20', 7.58),
(697, 2, '2022-01-24 14:39:08', 31.88),
(698, 6, '2022-10-14 01:06:08', 22.74),
(699, 1, '2022-06-10 15:22:38', 33.86),
(700, 8, '2022-11-28 20:54:08', 88.72),
(701, 9, '2022-08-13 15:56:36', 86.62),
(702, 8, '2022-08-05 20:34:45', 46.94),
(703, 2, '2022-05-28 14:54:46', 89.36),
(704, 5, '2022-09-04 04:12:13', 27.24),
(705, 3, '2022-03-05 16:14:06', 57.67),
(706, 6, '2022-06-28 17:10:01', 53.05),
(707, 5, '2022-04-11 20:30:14', 93.75),
(708, 5, '2022-05-18 03:48:51', 16.8),
(709, 8, '2022-04-19 21:44:05', 93.06),
(710, 7, '2022-02-28 17:14:00', 23.49),
(711, 1, '2022-05-04 10:42:37', 11.01),
(712, 1, '2022-06-22 05:46:59', 67.22),
(713, 5, '2022-09-08 20:54:14', 67.55),
(714, 3, '2022-03-05 05:14:25', 42.44),
(715, 8, '2022-11-15 21:10:19', 8.61),
(716, 1, '2022-09-25 13:35:49', 36.75),
(717, 8, '2022-01-02 05:33:07', 61.28),
(718, 2, '2022-03-25 21:19:59', 9.12),
(719, 1, '2022-12-22 19:41:16', 31.39),
(720, 3, '2022-01-11 01:04:31', 86.63),
(721, 9, '2022-10-13 22:10:33', 7.73),
(722, 3, '2022-07-02 20:15:15', 73.63),
(723, 8, '2022-05-12 10:57:07', 21.99),
(724, 2, '2022-12-13 05:06:25', 14.82),
(725, 3, '2022-08-11 02:37:00', 90.08),
(726, 2, '2022-08-24 04:43:28', 71.11),
(727, 8, '2022-07-09 09:00:40', 59.99),
(728, 4, '2022-06-08 13:34:19', 61.87),
(729, 7, '2022-11-03 19:53:39', 83.62),
(730, 9, '2022-01-11 18:14:52', 90.95),
(731, 8, '2022-10-24 00:33:57', 61.49),
(732, 8, '2022-02-21 06:00:07', 92.54),
(733, 3, '2022-05-04 22:24:40', 52.9),
(734, 1, '2022-04-25 07:35:56', 18.62),
(735, 3, '2022-07-25 02:38:05', 85.71),
(736, 1, '2022-07-14 15:33:48', 7.62),
(737, 3, '2022-02-08 05:57:09', 35.64),
(738, 9, '2022-10-17 23:37:18', 61.66),
(739, 1, '2022-07-02 10:44:59', 62.42),
(740, 6, '2022-02-13 18:01:16', 81.11),
(741, 4, '2022-07-28 12:55:33', 37.41),
(742, 1, '2022-10-21 10:44:43', 1.7),
(743, 1, '2022-09-16 05:47:32', 69.53),
(744, 5, '2022-05-20 12:33:12', 95.76),
(745, 2, '2022-01-05 02:29:57', 74.13),
(746, 8, '2022-04-19 02:33:10', 72.28),
(747, 3, '2022-07-14 20:58:59', 21.39),
(748, 4, '2022-01-08 06:10:21', 93.94),
(749, 3, '2022-11-15 20:38:34', 92.56),
(750, 2, '2022-08-24 00:27:11', 69.93),
(751, 1, '2022-02-17 01:43:37', 94.05),
(752, 2, '2022-01-25 04:21:36', 92.39),
(753, 1, '2022-04-06 05:52:45', 19.58),
(754, 1, '2022-11-06 13:09:17', 63.73),
(755, 3, '2022-04-23 21:29:32', 88.28),
(756, 6, '2022-05-07 02:46:21', 16.45),
(757, 9, '2022-11-19 09:06:54', 27.42),
(758, 1, '2022-12-01 17:30:00', 38.07),
(759, 1, '2022-11-22 00:27:05', 48.14),
(760, 5, '2022-10-11 20:15:55', 63.91),
(761, 2, '2022-03-09 00:39:13', 32.83),
(762, 6, '2022-01-02 04:57:27', 1.2),
(763, 5, '2022-12-09 14:13:37', 50.97),
(764, 3, '2022-09-30 13:03:43', 24.51),
(765, 3, '2022-04-29 22:13:44', 41.91),
(766, 9, '2022-10-12 16:39:21', 74.01),
(767, 1, '2022-07-21 05:04:59', 78.5),
(768, 5, '2022-01-03 13:14:58', 95.37),
(769, 7, '2022-10-01 16:20:02', 1.1),
(770, 2, '2022-11-01 14:21:34', 53.39),
(771, 7, '2022-08-29 03:02:50', 64.43),
(772, 4, '2022-10-30 07:24:45', 22.8),
(773, 1, '2022-09-08 14:07:29', 48.31),
(774, 4, '2022-05-23 03:31:57', 59.14),
(775, 7, '2022-11-21 01:16:20', 69.68),
(776, 1, '2022-03-11 18:52:35', 14.53),
(777, 8, '2022-11-27 04:37:19', 37.19),
(778, 3, '2022-09-03 13:20:28', 97.24),
(779, 2, '2022-04-29 23:42:17', 26.54),
(780, 7, '2022-05-28 20:00:43', 92.21),
(781, 5, '2022-03-30 19:47:58', 96.5),
(782, 1, '2022-04-08 07:09:25', 16.39),
(783, 6, '2022-08-08 14:59:38', 75.81),
(784, 6, '2022-12-19 05:06:35', 12.6),
(785, 7, '2022-01-06 04:46:29', 52.01),
(786, 8, '2022-12-29 17:37:51', 70.75),
(787, 3, '2022-05-21 00:18:51', 36.34),
(788, 5, '2022-09-03 12:16:57', 24.53),
(789, 6, '2022-03-19 14:22:58', 13.8),
(790, 5, '2022-10-25 11:19:13', 90.44),
(791, 5, '2022-04-23 20:57:54', 87.05),
(792, 2, '2022-11-26 19:01:35', 27.46),
(793, 7, '2022-10-27 21:40:36', 91.29),
(794, 9, '2022-02-28 01:33:04', 25.78),
(795, 1, '2022-02-18 20:18:35', 23.47),
(796, 7, '2022-01-04 03:59:18', 27.2),
(797, 5, '2022-01-10 23:54:23', 14.37),
(798, 1, '2022-09-25 12:26:31', 83.34),
(799, 2, '2022-04-26 22:49:56', 28.89),
(800, 7, '2022-07-02 03:41:22', 71.5),
(801, 2, '2022-12-09 21:00:00', 48.05),
(802, 3, '2022-06-28 09:39:18', 83.53),
(803, 6, '2022-05-25 20:28:57', 40.67),
(804, 4, '2022-05-29 18:56:58', 50.61),
(805, 6, '2022-03-19 11:37:38', 10.39),
(806, 8, '2022-11-02 16:26:40', 80.47),
(807, 1, '2022-04-06 14:36:06', 56.39),
(808, 9, '2022-11-07 22:24:43', 55.4),
(809, 2, '2022-05-11 10:28:18', 36.58),
(810, 5, '2022-12-23 17:52:33', 41.14),
(811, 5, '2022-05-21 00:14:40', 46),
(812, 4, '2022-07-22 07:32:09', 29.18),
(813, 6, '2022-12-06 10:43:47', 85.01),
(814, 3, '2022-07-27 17:26:32', 81.53),
(815, 6, '2022-11-20 05:24:29', 2.31),
(816, 5, '2022-03-01 13:27:07', 50.3),
(817, 2, '2022-08-13 00:24:35', 35.59),
(818, 8, '2022-06-09 12:31:33', 67.72),
(819, 1, '2022-05-15 03:08:02', 15.06),
(820, 1, '2022-06-23 05:55:25', 49.19),
(821, 4, '2022-06-04 22:20:50', 17.71),
(822, 7, '2022-02-25 07:47:39', 75.77),
(823, 9, '2022-03-23 19:00:32', 59.89),
(824, 9, '2022-05-30 08:12:46', 14.52),
(825, 1, '2022-09-18 00:37:11', 26.04),
(826, 3, '2022-10-16 09:40:14', 9.01),
(827, 5, '2022-08-04 07:36:45', 23.18),
(828, 3, '2022-01-31 11:59:04', 71.81),
(829, 5, '2022-12-08 17:23:13', 41.72),
(830, 9, '2022-01-26 17:27:52', 50.7),
(831, 9, '2022-01-08 21:04:31', 78),
(832, 5, '2022-04-29 16:23:23', 60.99),
(833, 1, '2022-05-09 09:49:25', 31.68),
(834, 7, '2022-04-22 22:04:29', 59.38),
(835, 8, '2022-12-10 11:03:56', 63.41),
(836, 4, '2022-05-27 09:40:03', 81.85),
(837, 7, '2022-12-10 07:37:58', 1.16),
(838, 3, '2022-11-05 16:41:57', 49.49),
(839, 8, '2022-11-02 20:00:40', 6.61),
(840, 3, '2022-06-13 22:55:17', 90.98),
(841, 6, '2022-07-15 14:21:58', 19.69),
(842, 9, '2022-03-01 12:44:08', 64.45),
(843, 2, '2022-12-22 08:43:18', 19.85),
(844, 8, '2022-11-12 15:35:58', 61.86),
(845, 2, '2022-12-10 09:13:27', 56.61),
(846, 8, '2022-07-27 18:38:59', 31.51),
(847, 6, '2022-11-18 11:23:42', 83.31),
(848, 7, '2022-11-18 20:18:26', 74.72),
(849, 1, '2022-06-25 23:12:23', 37.61),
(850, 9, '2022-04-13 17:08:54', 45.79),
(851, 4, '2022-11-09 15:01:09', 16.73),
(852, 3, '2022-10-06 07:51:10', 67.14),
(853, 5, '2022-02-04 23:42:28', 69.27),
(854, 6, '2022-10-10 03:16:05', 29.95),
(855, 7, '2022-03-15 05:45:24', 87.9),
(856, 5, '2022-10-12 07:42:33', 49.45),
(857, 9, '2022-05-07 01:47:15', 12.2),
(858, 1, '2022-12-30 15:20:04', 85.62),
(859, 6, '2022-03-20 18:39:48', 92.98),
(860, 5, '2022-05-27 07:50:38', 37.64),
(861, 1, '2022-09-16 07:44:05', 4.9),
(862, 3, '2022-05-30 18:44:39', 34.39),
(863, 7, '2022-05-16 12:28:42', 17.93);

--
-- Triggers `fill_level_history`
--
DELIMITER $$
CREATE TRIGGER `add_recordDate` BEFORE INSERT ON `fill_level_history` FOR EACH ROW BEGIN
	IF NEW.recordDate IS NULL OR NEW.recordDate = '' THEN
    	SET NEW.recordDate = NOW();
    ELSEIF NEW.BinID IS NULL OR NEW.BinID = '' THEN 
    	SET NEW.BinID = '1';
    END IF; 
END
$$
DELIMITER ;

-- --------------------------------------------------------

--
-- Table structure for table `history`
--

CREATE TABLE `history` (
  `Time` datetime NOT NULL,
  `UserID` int(11) NOT NULL,
  `BinID` int(11) NOT NULL,
  `SectionID` int(11) DEFAULT NULL,
  `OrganicWaste_kg` float DEFAULT NULL,
  `InorganicWaste_kg` float DEFAULT NULL
) ENGINE=InnoDB DEFAULT CHARSET=utf8 COLLATE=utf8_general_ci;

--
-- Dumping data for table `history`
--

INSERT INTO `history` (`Time`, `UserID`, `BinID`, `SectionID`, `OrganicWaste_kg`, `InorganicWaste_kg`) VALUES
('2022-07-24 19:22:16', 13, 1, 1, 6.84, 6.31),
('2022-07-12 22:54:25', 9, 4, 1, 2.18, 8.67),
('2022-06-24 04:44:16', 5, 5, 1, 4.78, 5.41),
('2022-10-19 03:51:36', 11, 4, 1, 7.84, 0.86),
('2022-11-29 06:18:20', 11, 1, 1, 3.83, 4.91),
('2022-03-13 03:50:38', 3, 2, 1, 8.83, 2.83),
('2022-11-25 06:12:13', 9, 5, 1, 5.43, 7.52),
('2022-09-19 13:03:55', 1, 5, 1, 6.56, 8.08),
('2022-04-12 03:07:47', 4, 3, 1, 0.89, 5.98),
('2022-10-25 00:32:35', 7, 5, 1, 6.22, 0.8),
('2022-01-31 06:54:01', 11, 4, 1, 6.1, 8.11),
('2022-06-30 17:13:45', 7, 1, 1, 7.26, 4.89),
('2022-10-09 05:40:15', 2, 1, 1, 2.84, 3.5),
('2022-12-05 11:29:39', 4, 1, 1, 4.35, 8.02),
('2022-12-04 01:41:53', 3, 3, 1, 2.2, 1.96),
('2022-03-30 23:21:38', 7, 4, 1, 3.28, 8.44),
('2022-03-27 21:43:16', 7, 3, 1, 1.06, 7.57),
('2022-01-02 14:47:44', 1, 2, 1, 8.8, 1.29),
('2022-07-15 03:18:10', 14, 3, 1, 7.15, 4.68),
('2022-05-12 07:00:56', 11, 1, 1, 4.12, 0.51),
('2022-05-13 14:46:12', 5, 4, 1, 2.38, 6.11),
('2022-11-17 17:27:03', 5, 1, 1, 0.63, 0.36),
('2022-05-02 15:42:02', 9, 5, 1, 5.29, 8.56),
('2022-08-08 20:09:28', 7, 2, 1, 0.83, 6.86),
('2022-03-28 18:02:47', 12, 4, 1, 2.76, 3.25),
('2022-02-02 20:56:39', 12, 4, 1, 4.22, 0.44),
('2022-09-24 21:05:56', 14, 5, 1, 3.86, 6.94),
('2022-07-13 14:51:04', 12, 4, 1, 8.98, 7.98),
('2022-12-16 05:26:55', 11, 2, 1, 4.32, 4.87),
('2022-02-02 01:12:58', 2, 5, 1, 7.14, 7.11),
('2023-03-24 10:23:48', 12, 2, 1, 3.89, 3.3),
('2022-07-30 04:11:22', 7, 5, 1, 2.34, 7.28),
('2022-05-28 23:18:07', 14, 3, 1, 4.82, 6.04),
('2022-01-04 16:55:44', 6, 3, 1, 4.36, 8.09),
('2022-07-25 02:38:08', 11, 3, 1, 3.97, 6.48),
('2022-08-13 07:24:39', 10, 2, 1, 0.54, 2.8),
('2022-11-23 11:12:07', 14, 2, 1, 4.37, 7.86),
('2022-06-24 19:00:17', 11, 2, 1, 0.29, 3.35),
('2022-09-24 16:39:10', 7, 4, 1, 6.29, 5.32),
('2022-10-18 19:11:41', 3, 3, 1, 0.46, 6.81),
('2022-12-31 06:11:26', 15, 1, 1, 5.51, 1.94),
('2022-04-19 09:47:01', 7, 3, 1, 2.19, 1.55),
('2022-03-16 08:58:48', 7, 2, 1, 1.44, 0.32),
('2022-02-02 15:56:03', 10, 3, 1, 2.77, 2.67),
('2022-01-06 00:17:53', 9, 4, 1, 8.89, 1.72),
('2022-08-21 21:41:44', 2, 3, 1, 3.61, 1.32),
('2022-01-04 02:24:34', 2, 1, 1, 6.15, 8.15),
('2022-10-14 11:56:00', 9, 1, 1, 5.74, 2.93),
('2022-04-10 09:42:12', 7, 5, 1, 6.19, 1.68),
('2022-02-27 03:05:40', 6, 3, 1, 1.4, 6.32),
('2022-11-10 04:09:35', 7, 3, 1, 2.88, 3.77),
('2022-01-08 14:11:43', 12, 3, 1, 1.24, 8.26),
('2022-08-14 01:08:56', 12, 3, 1, 4.46, 6.76),
('2022-06-15 05:55:22', 1, 5, 1, 5.82, 0.3),
('2022-01-19 05:20:58', 7, 5, 1, 5.46, 2.33),
('2022-04-22 16:53:23', 11, 5, 1, 7.24, 4.71),
('2022-03-26 10:45:07', 12, 2, 1, 3.65, 8.1),
('2022-01-15 11:22:36', 5, 2, 1, 3.53, 4.86),
('2022-10-21 07:01:36', 13, 5, 1, 8.12, 7.64),
('2022-09-17 13:19:25', 10, 5, 1, 3.52, 7.08),
('2022-05-23 05:04:24', 12, 1, 1, 6.07, 1.18),
('2022-11-11 16:34:27', 1, 4, 1, 7.32, 1.15),
('2022-01-11 04:39:41', 14, 3, 1, 6.78, 6.47),
('2022-11-12 12:06:12', 1, 3, 1, 8.54, 0.68),
('2022-07-03 21:10:59', 10, 4, 1, 7.6, 8.64),
('2022-11-23 08:20:32', 8, 2, 1, 7.91, 1.82),
('2022-09-04 02:32:11', 5, 5, 1, 7.07, 2.89),
('2022-05-29 17:02:31', 5, 2, 1, 1.28, 0.52),
('2022-09-17 06:41:49', 14, 2, 1, 4.43, 4.4),
('2022-04-11 14:56:02', 11, 3, 1, 2.6, 5.97),
('2022-11-23 19:50:09', 7, 3, 1, 3.46, 5.55),
('2022-07-26 02:15:06', 4, 2, 1, 8.78, 5.64),
('2022-06-11 12:21:10', 2, 2, 1, 4.72, 1.59),
('2022-07-18 04:56:07', 12, 3, 1, 1.27, 0.24),
('2022-11-21 09:17:15', 14, 4, 1, 8.31, 4.14),
('2022-04-19 03:36:01', 14, 1, 1, 4.21, 1.5),
('2022-07-01 18:23:33', 1, 2, 1, 8.28, 1.8),
('2022-09-26 22:17:52', 15, 4, 1, 0.87, 3.36),
('2022-07-21 12:59:34', 9, 2, 1, 5.06, 2.06),
('2022-08-29 00:43:02', 2, 4, 1, 0.96, 6.54),
('2022-11-13 05:24:29', 3, 5, 1, 0.26, 4.54),
('2022-08-29 19:02:00', 8, 1, 1, 6.41, 5.68),
('2022-06-09 18:46:53', 10, 4, 1, 8.34, 8.86),
('2022-01-18 15:06:01', 10, 2, 1, 3.16, 4.74),
('2022-06-25 15:19:44', 15, 5, 1, 6.26, 4.48),
('2022-09-18 01:37:46', 8, 4, 1, 6.12, 7.22),
('2022-10-18 00:01:26', 9, 5, 1, 4.3, 5.24),
('2022-04-10 21:30:22', 4, 3, 1, 2.36, 0.37),
('2022-07-27 22:23:47', 4, 3, 1, 8.29, 5.39),
('2022-08-16 09:40:07', 11, 3, 1, 0.59, 2.71),
('2022-05-17 11:57:03', 2, 2, 1, 4.84, 1.22),
('2022-01-31 18:40:35', 14, 5, 1, 0.9, 3.71),
('2022-06-18 12:42:20', 9, 5, 1, 3.95, 5.71),
('2022-10-08 18:30:05', 4, 4, 1, 2.96, 2.79),
('2022-12-09 09:22:32', 7, 3, 1, 4.47, 4.23),
('2022-08-17 19:05:42', 11, 5, 1, 6.64, 6.4),
('2022-09-09 22:31:55', 14, 2, 1, 5.75, 1.36),
('2022-05-06 21:05:27', 14, 4, 1, 6.05, 8.94),
('2022-06-14 22:22:07', 11, 2, 1, 6.49, 2.63),
('2022-07-20 00:31:59', 4, 3, 1, 5.8, 0.78),
('2022-08-24 21:54:52', 8, 3, 1, 2.75, 2.59),
('2022-08-04 10:46:33', 8, 1, 1, 2.1, 0.67),
('2022-07-05 01:00:34', 2, 5, 1, 8.76, 7.1),
('2022-01-09 20:29:38', 4, 5, 1, 4.99, 8.23),
('2022-12-25 21:49:59', 4, 4, 1, 8.87, 1.39),
('2022-09-06 05:45:54', 3, 3, 1, 8.5, 3.68),
('2022-11-07 18:13:02', 4, 1, 1, 7.96, 2.95),
('2022-02-17 10:32:24', 2, 3, 1, 2.54, 8.66),
('2022-03-10 23:28:21', 6, 5, 1, 6.69, 7.92),
('2022-08-04 22:42:21', 9, 1, 1, 8.81, 7.73),
('2022-06-01 10:16:25', 13, 2, 1, 8.41, 2.69),
('2022-03-19 16:31:50', 9, 3, 1, 0.73, 8.72),
('2022-02-27 10:23:12', 14, 5, 1, 5.95, 2.23),
('2022-09-12 23:57:52', 5, 3, 1, 1.47, 3.74),
('2022-09-13 00:00:09', 5, 4, 1, 2.02, 7.46),
('2022-10-04 11:03:50', 15, 5, 1, 2.49, 5.56),
('2022-01-09 16:02:13', 15, 2, 1, 3.33, 1.7),
('2022-02-24 11:32:33', 14, 3, 1, 0.31, 0.93),
('2022-07-07 03:09:48', 11, 4, 1, 8.65, 7.53),
('2022-12-05 20:35:45', 5, 4, 1, 7.38, 5.73),
('2022-02-15 06:47:58', 3, 1, 1, 4.1, 1.03),
('2022-08-22 10:47:57', 4, 4, 1, 5.44, 6.72),
('2022-09-11 16:49:58', 13, 1, 1, 3.56, 3.7),
('2022-10-08 08:25:13', 12, 5, 1, 1.86, 0.28),
('2022-06-08 17:29:08', 3, 3, 1, 1.41, 2.41),
('2022-06-24 03:38:22', 14, 1, 1, 0.69, 8.47),
('2022-06-24 14:45:15', 13, 1, 1, 1.01, 2.51),
('2022-08-02 14:19:47', 14, 1, 1, 4.45, 3.9),
('2022-01-28 19:25:55', 5, 3, 1, 6.59, 1.56),
('2022-07-09 05:54:34', 12, 4, 1, 8.42, 4.66),
('2022-12-18 16:30:28', 5, 5, 1, 3.15, 4.33),
('2022-10-08 15:43:15', 14, 1, 1, 6.98, 0.99),
('2022-12-29 05:19:28', 14, 4, 1, 8.79, 6.52),
('2022-12-15 00:39:25', 12, 2, 1, 4.95, 4.8),
('2022-01-11 02:55:19', 11, 2, 1, 5.59, 3.08),
('2022-05-10 16:49:48', 1, 2, 1, 5.35, 1.91),
('2022-09-06 12:23:08', 5, 2, 1, 7.59, 1.19),
('2022-10-02 11:18:56', 10, 1, 1, 0.23, 5),
('2022-10-31 08:02:58', 11, 3, 1, 5.07, 5.1),
('2022-01-29 18:34:46', 14, 1, 1, 4, 4.59),
('2022-11-11 00:46:42', 13, 3, 1, 3.45, 0.74),
('2022-10-03 00:53:09', 11, 1, 1, 4.16, 1.58),
('2022-03-07 14:57:09', 4, 3, 1, 5.42, 5.38),
('2022-11-22 06:09:05', 12, 3, 1, 4.77, 5.13),
('2022-11-04 12:16:40', 15, 5, 1, 3.42, 0.5),
('2022-08-27 20:51:45', 14, 1, 1, 5.93, 4.06),
('2022-03-22 21:40:36', 2, 1, 1, 4.03, 3.2),
('2022-07-14 23:52:14', 6, 5, 1, 3.38, 3.37),
('2022-12-09 07:04:34', 6, 4, 1, 1.83, 8.49),
('2022-03-06 18:17:16', 7, 3, 1, 6.87, 2.14),
('2022-07-26 02:57:32', 10, 3, 1, 1.16, 3),
('2022-04-02 17:06:52', 11, 2, 1, 6.83, 3.18),
('2022-12-03 20:48:06', 14, 4, 1, 7.7, 6.36),
('2022-04-26 20:24:41', 4, 4, 1, 2.15, 6.55),
('2022-07-02 17:17:10', 2, 3, 1, 7.54, 5.81),
('2022-08-02 09:15:34', 1, 1, 1, 8.06, 5.79),
('2022-09-04 07:58:58', 8, 4, 1, 0.97, 4.83),
('2022-08-01 22:47:10', 12, 2, 1, 3.81, 2.16),
('2022-02-24 23:01:58', 14, 5, 1, 3.44, 5.65),
('2022-07-29 17:48:52', 1, 4, 1, 3.67, 1.93),
('2022-04-22 00:20:42', 9, 1, 1, 7.41, 4.93),
('2022-08-25 10:35:53', 12, 5, 1, 7.71, 6.08),
('2022-05-04 07:33:00', 1, 5, 1, 1, 4.55),
('2022-01-26 09:53:37', 1, 5, 1, 8.19, 7.37),
('2022-11-20 11:10:25', 13, 2, 1, 5.25, 6.33),
('2022-03-15 09:37:05', 9, 2, 1, 7.01, 8.73),
('2022-11-07 19:37:10', 8, 1, 1, 1.05, 3.22),
('2022-03-08 05:43:23', 8, 1, 1, 0.91, 1.21),
('2022-07-21 07:17:51', 3, 4, 1, 5.54, 2.68),
('2022-04-07 08:07:55', 10, 5, 1, 4.9, 7.42),
('2022-11-30 14:15:41', 15, 4, 1, 8.85, 5.36),
('2022-06-27 09:11:05', 14, 2, 1, 6.51, 7.44),
('2022-05-02 11:40:27', 5, 3, 1, 5.37, 8.75),
('2022-11-21 07:22:00', 6, 2, 1, 6.77, 3.93),
('2022-09-08 14:18:25', 13, 1, 1, 1.81, 6.97),
('2022-01-01 08:59:52', 13, 4, 1, 8.24, 8.37),
('2022-06-24 15:59:52', 1, 5, 1, 2.29, 5.23),
('2022-12-05 14:56:15', 6, 5, 1, 7.55, 2.62),
('2022-04-22 00:57:30', 2, 2, 1, 4.58, 2.57),
('2022-01-06 21:26:57', 4, 2, 1, 3.85, 5.03),
('2022-11-13 07:48:33', 13, 5, 1, 3.21, 8.46),
('2022-07-14 13:16:11', 7, 2, 1, 3.57, 1.2),
('2022-06-27 06:41:19', 5, 1, 1, 4.98, 8.33),
('2022-12-17 14:37:24', 13, 4, 1, 2.31, 7.19),
('2022-02-23 17:16:20', 11, 1, 1, 3.47, 0.34),
('2022-02-26 08:50:26', 8, 3, 1, 5.91, 1.98),
('2022-11-17 03:17:04', 4, 2, 1, 4.97, 5.22),
('2022-06-05 16:20:08', 11, 1, 1, 7.33, 5.26),
('2022-08-01 14:23:32', 13, 5, 1, 7.77, 4.81),
('2022-08-11 05:14:29', 1, 2, 1, 4.63, 3.19),
('2022-03-14 11:06:10', 3, 3, 1, 0.21, 7.21),
('2022-09-03 01:11:11', 11, 5, 1, 8.77, 0.94),
('2022-08-18 06:22:14', 6, 3, 1, 0.35, 1.43),
('2022-09-24 06:35:29', 9, 1, 1, 4.11, 8.97),
('2022-10-09 19:04:18', 8, 5, 1, 3.59, 7.47),
('2022-06-13 14:15:12', 2, 2, 1, 0.79, 0.53),
('2022-05-11 11:19:51', 6, 4, 1, 3.26, 4.73),
('2022-04-24 11:39:55', 6, 1, 1, 1.89, 1.65),
('2022-07-30 12:11:54', 13, 4, 1, 1.3, 4.94),
('2022-11-27 23:20:32', 14, 5, 1, 6.37, 7.74),
('2022-03-13 03:49:51', 3, 5, 1, 8.57, 7.95),
('2022-09-30 07:28:26', 2, 2, 1, 7.69, 2.35),
('2022-05-24 07:56:34', 7, 3, 1, 6.35, 7),
('2022-08-20 23:10:30', 6, 4, 1, 1.26, 2.82),
('2022-03-06 07:24:15', 11, 1, 1, 6.34, 7.3),
('2022-11-03 12:19:06', 13, 2, 1, 4.75, 7.88),
('2022-05-16 12:24:14', 6, 2, 1, 5.63, 1.07),
('2022-12-04 21:23:13', 13, 1, 1, 1.66, 3.82),
('2022-08-08 01:23:40', 4, 5, 1, 3.04, 2.92),
('2022-10-06 09:41:04', 9, 4, 1, 3.07, 2.64),
('2022-08-03 15:14:51', 12, 2, 1, 1.13, 0.98),
('2022-03-16 01:03:22', 2, 2, 1, 5.92, 8.43),
('2022-09-28 05:26:51', 13, 1, 1, 0.57, 4.05),
('2022-04-18 08:07:55', 9, 5, 1, 7.94, 2.3),
('2022-04-14 21:10:45', 8, 4, 1, 8.4, 6.14),
('2022-04-17 03:34:58', 3, 4, 1, 3.58, 7.27),
('2022-02-18 15:08:04', 3, 5, 1, 3.09, 7.16),
('2022-04-26 18:14:11', 4, 3, 1, 2.65, 7.83),
('2022-02-27 22:11:04', 6, 5, 1, 1.74, 7.39),
('2022-05-10 07:04:31', 13, 2, 1, 2.32, 6.66),
('2022-08-01 10:01:52', 6, 4, 1, 4.64, 3.39),
('2022-12-08 15:11:45', 8, 4, 1, 6.06, 1.11),
('2022-06-29 19:00:22', 13, 5, 1, 5.83, 0.84),
('2022-11-12 06:28:48', 5, 4, 1, 4.07, 5.99),
('2022-07-05 18:30:53', 3, 5, 1, 1.23, 8.45),
('2022-11-15 13:57:10', 13, 1, 1, 3.75, 2.01),
('2022-01-07 13:44:55', 1, 3, 1, 3.01, 5.28),
('2022-12-20 15:35:41', 7, 3, 1, 8.48, 7.17),
('2022-09-27 01:07:07', 13, 1, 1, 2.52, 5.5),
('2022-05-12 13:43:51', 11, 5, 1, 3.4, 3.12),
('2022-09-09 23:52:31', 11, 1, 1, 6.44, 8.53),
('2022-11-13 15:15:58', 11, 1, 1, 7.63, 7.56),
('2022-09-24 14:46:13', 7, 4, 1, 6.16, 2.91),
('2022-09-14 10:55:30', 15, 2, 1, 5.21, 4.51),
('2022-06-13 04:29:33', 2, 2, 1, 2.21, 8.16),
('2022-05-28 17:24:46', 6, 3, 1, 4.42, 1.33),
('2022-03-23 19:41:32', 2, 4, 1, 4.04, 5.94),
('2022-03-18 21:32:21', 4, 5, 1, 2.27, 8.93),
('2022-01-24 10:19:51', 12, 1, 1, 5.11, 0.66),
('2022-12-08 03:23:10', 7, 3, 1, 3.41, 4.18),
('2022-11-11 15:42:38', 12, 4, 1, 1.38, 3.13),
('2022-01-22 21:07:37', 10, 5, 1, 4.26, 7.8),
('2022-10-26 08:49:00', 9, 4, 1, 6.75, 3.14),
('2022-12-01 07:01:09', 1, 5, 1, 3.76, 6.27),
('2022-10-20 02:04:55', 15, 4, 1, 2.53, 1.67),
('2022-06-27 22:43:55', 14, 1, 1, 6.71, 6.67),
('2022-05-24 14:36:03', 3, 3, 1, 3.62, 6.25),
('2022-04-22 12:45:21', 4, 3, 1, 3.92, 3.79),
('2022-10-24 10:24:43', 12, 5, 1, 1.84, 0.61),
('2022-06-12 14:27:35', 7, 1, 1, 4.44, 1.37),
('2022-06-08 18:25:07', 2, 1, 1, 6.43, 7.04),
('2022-03-15 22:10:30', 8, 2, 1, 6.3, 8.62),
('2022-02-28 19:56:54', 14, 1, 1, 7.68, 0.75),
('2022-02-10 20:51:27', 1, 4, 1, 8.91, 2.99),
('2022-10-06 01:30:35', 11, 3, 1, 7.35, 1.09),
('2022-11-15 03:05:14', 14, 2, 1, 5.16, 4.08),
('2022-05-28 21:55:32', 1, 4, 1, 1.95, 5.05),
('2022-05-08 14:00:19', 13, 3, 1, 3.03, 4.01),
('2022-05-08 01:40:45', 13, 5, 1, 0.41, 1.97),
('2022-03-07 12:21:28', 12, 2, 1, 7.87, 7.43),
('2022-06-04 10:25:22', 14, 3, 1, 5.7, 3.87),
('2022-03-13 00:14:41', 12, 4, 1, 5.33, 7.62),
('2022-09-09 09:01:19', 10, 1, 1, 8.3, 4.38),
('2022-05-16 00:45:58', 13, 3, 1, 8.6, 6.8),
('2022-03-30 06:41:34', 4, 5, 1, 5.4, 0.71),
('2022-09-08 23:52:20', 11, 2, 1, 1.63, 5.08),
('2022-01-14 23:46:23', 8, 3, 1, 8.22, 5.76),
('2022-01-10 11:03:30', 6, 5, 1, 7.51, 5.49),
('2022-01-06 09:29:48', 4, 3, 1, 1.54, 5.47),
('2022-06-19 17:09:10', 12, 2, 1, 6.96, 1.25),
('2022-11-15 02:43:19', 1, 5, 1, 5.62, 1.92),
('2022-06-04 05:06:56', 4, 3, 1, 5.34, 5.84),
('2022-02-06 22:01:53', 13, 5, 1, 1.31, 1.53),
('2022-12-22 05:19:33', 12, 5, 1, 7.65, 1.42),
('2022-12-02 02:30:07', 11, 4, 1, 8.51, 7.75),
('2022-05-05 11:56:04', 12, 1, 1, 2.73, 8.52),
('2022-09-25 02:46:34', 4, 2, 1, 5.04, 7.79),
('2022-10-02 00:36:25', 7, 3, 1, 8.88, 6.24),
('2022-06-15 00:17:36', 3, 5, 1, 8.13, 2.04),
('2022-11-07 13:40:09', 12, 4, 1, 0.4, 1.69),
('2022-02-05 11:58:08', 11, 3, 1, 5.02, 5.89),
('2022-04-12 13:56:55', 13, 3, 1, 4.39, 7.18),
('2022-03-13 11:15:22', 5, 5, 1, 7.05, 5.15),
('2022-05-07 19:30:11', 1, 4, 1, 0.58, 5.48),
('2022-05-31 20:39:54', 3, 4, 1, 7.25, 5.78),
('2022-07-04 03:47:54', 4, 1, 1, 2.4, 6.9),
('2022-10-23 18:57:05', 2, 1, 1, 7.36, 3.69),
('2022-09-19 16:26:07', 15, 5, 1, 6.13, 7.13),
('2022-07-23 12:41:28', 6, 4, 1, 6.95, 6.01),
('2022-01-22 12:34:29', 12, 1, 1, 4.31, 3.91),
('2022-04-22 09:27:02', 12, 5, 1, 7.99, 7.45),
('2022-07-19 01:02:45', 11, 3, 1, 5.09, 1.17),
('2022-08-25 20:06:11', 9, 5, 1, 1.79, 0.43),
('2022-12-04 21:35:12', 7, 3, 1, 7.89, 4.41),
('2022-06-11 05:26:32', 7, 4, 1, 0.48, 5.58),
('2022-10-29 08:15:49', 7, 1, 1, 2.86, 6.23),
('2022-10-19 02:01:20', 5, 2, 1, 4.69, 0.92),
('2022-09-19 21:24:42', 14, 2, 1, 1.02, 2.13),
('2022-03-21 21:25:39', 4, 2, 1, 1.1, 5.96),
('2022-10-28 22:24:41', 1, 2, 1, 2.22, 6),
('2022-01-05 19:24:48', 9, 5, 1, 6.5, 8.74),
('2022-11-07 01:10:04', 12, 5, 1, 6.28, 1.71),
('2022-09-19 17:30:33', 1, 4, 1, 8.7, 8.25),
('2022-08-10 18:43:20', 1, 1, 1, 0.64, 5.27),
('2022-11-16 12:09:16', 15, 3, 1, 2.11, 0.88),
('2022-03-07 00:07:25', 11, 5, 1, 2, 0.85),
('2022-11-28 07:31:22', 4, 2, 1, 2.7, 2.37),
('2022-11-23 20:31:01', 13, 4, 1, 6.7, 4.53),
('2022-02-05 15:54:54', 10, 5, 1, 8.61, 7.97),
('2022-08-18 17:49:59', 1, 3, 1, 5.2, 6.2),
('2022-10-17 21:01:47', 6, 1, 1, 3.49, 5.69),
('2022-11-21 18:27:04', 12, 3, 1, 5.77, 3.23),
('2022-04-10 01:55:30', 10, 4, 1, 5.61, 6.6),
('2022-03-27 05:47:05', 15, 4, 1, 6.42, 2.47),
('2022-04-27 15:59:15', 6, 2, 1, 6.68, 2.98),
('2022-05-01 09:21:53', 1, 5, 1, 4.52, 8.18),
('2022-06-29 23:35:01', 6, 3, 1, 0.81, 1.48),
('2022-10-11 04:24:38', 1, 4, 1, 0.39, 3.63),
('2022-07-28 19:42:36', 2, 2, 1, 3.54, 6.39),
('2022-12-08 13:44:03', 9, 3, 1, 8.9, 2.09),
('2022-07-11 08:42:21', 4, 1, 1, 3.48, 8.14),
('2022-11-02 08:12:34', 12, 2, 1, 4.7, 2.24),
('2022-10-29 06:20:40', 6, 3, 1, 2.43, 4.88),
('2022-06-21 02:01:21', 15, 1, 1, 0.72, 2.03),
('2022-05-29 08:49:35', 11, 3, 1, 3.27, 0.95),
('2022-01-31 13:05:26', 4, 4, 1, 1.9, 8.05),
('2022-11-10 13:46:35', 12, 2, 1, 2.87, 5.31),
('2022-05-10 15:39:42', 3, 2, 1, 0.22, 5.12),
('2022-08-29 10:42:37', 12, 5, 1, 7.61, 8.55),
('2022-01-30 23:45:10', 9, 4, 1, 3.78, 3.84),
('2022-06-16 13:07:24', 11, 1, 1, 2.94, 6.21),
('2022-07-19 09:07:45', 6, 2, 1, 1.87, 4.19),
('2022-05-05 22:45:15', 4, 2, 1, 3.06, 5.87),
('2022-10-31 18:12:42', 14, 1, 1, 0.77, 8.96),
('2022-04-25 03:10:21', 1, 3, 1, 6.38, 2.56),
('2022-04-12 03:28:22', 5, 2, 1, 1.51, 3.8),
('2022-07-17 20:23:30', 9, 5, 1, 2.58, 0.33),
('2022-07-05 04:54:21', 9, 2, 1, 4.62, 0.62),
('2022-03-03 11:43:01', 14, 5, 1, 3.31, 5.18),
('2022-07-27 18:15:46', 14, 3, 1, 1.08, 7.48),
('2022-02-07 02:14:31', 14, 3, 1, 2.61, 4.56),
('2022-05-28 20:38:44', 7, 4, 1, 0.42, 6.88),
('2022-09-24 18:00:40', 8, 1, 1, 8.39, 7.2),
('2022-11-18 01:46:00', 2, 3, 1, 7.09, 5.01),
('2022-11-22 12:10:51', 12, 4, 1, 4.34, 7.03),
('2022-10-01 22:47:49', 2, 5, 1, 7.85, 8.58),
('2022-07-09 22:12:49', 10, 1, 1, 5.45, 2.97),
('2022-09-06 20:10:51', 3, 2, 1, 1.45, 3.29),
('2022-08-11 14:53:21', 2, 4, 1, 1.34, 8.68),
('2022-12-08 14:23:06', 5, 4, 1, 7.76, 4.09),
('2022-05-24 19:00:44', 11, 1, 1, 8.32, 2.25),
('2022-11-18 05:19:41', 10, 2, 1, 5.3, 1.77),
('2022-05-30 12:20:26', 13, 4, 1, 4.17, 3.43),
('2022-02-24 15:20:36', 10, 3, 1, 7.4, 1.14),
('2022-10-11 20:17:32', 3, 4, 1, 7.81, 1.57),
('2022-02-07 02:50:04', 1, 1, 1, 3.02, 4.5),
('2022-12-22 13:10:34', 14, 4, 1, 2.17, 4.96),
('2022-03-03 11:11:58', 4, 4, 1, 7.12, 6.93),
('2022-04-08 14:36:54', 1, 2, 1, 4.79, 0.45),
('2022-03-07 06:15:05', 4, 4, 1, 5.72, 6.46),
('2023-03-24 10:23:48', 14, 5, 1, 2.5, 6.45),
('2022-09-18 11:48:16', 10, 5, 1, 8.04, 8.01),
('2022-04-28 12:25:20', 4, 1, 1, 6.74, 5.52),
('2022-08-24 00:41:00', 2, 5, 1, 4.85, 4.27),
('2022-05-01 14:09:51', 15, 2, 1, 1.49, 1.64),
('2022-02-07 07:33:56', 9, 1, 1, 6.85, 7.23),
('2022-04-15 13:05:57', 14, 1, 1, 2.45, 8),
('2022-09-25 21:38:46', 5, 2, 1, 6.61, 6.62),
('2022-01-20 10:49:27', 7, 1, 1, 3.1, 3.32),
('2022-11-30 20:21:00', 10, 3, 1, 8.99, 5.17),
('2022-12-05 09:03:31', 7, 2, 1, 3.66, 5.14),
('2022-04-06 16:23:44', 2, 4, 1, 1.61, 0.2),
('2022-09-05 02:03:52', 8, 3, 1, 2.78, 2.44),
('2022-09-11 23:58:14', 9, 3, 1, 1.62, 5.86),
('2022-05-06 11:15:58', 15, 5, 1, 1.88, 2.26),
('2022-09-14 14:43:21', 8, 2, 1, 1.75, 1.52),
('2022-10-14 12:22:56', 12, 5, 1, 8.03, 8.07),
('2022-11-10 04:45:12', 7, 2, 1, 4.13, 0.27),
('2022-07-17 21:06:43', 2, 5, 1, 8.82, 2.46),
('2022-02-05 12:47:19', 15, 5, 1, 8.27, 0.76),
('2022-06-08 16:00:57', 3, 4, 1, 1.12, 7.29),
('2022-10-23 23:14:28', 8, 5, 1, 5.88, 3.6),
('2022-03-19 13:50:01', 9, 2, 1, 2.55, 1.35),
('2022-09-28 00:41:05', 5, 4, 1, 6.65, 2.42),
('2022-01-18 11:27:15', 14, 5, 1, 5.9, 6.09),
('2022-09-28 00:41:53', 14, 5, 1, 0.25, 3.88),
('2022-06-28 09:39:46', 9, 5, 1, 3.98, 4.61),
('2022-10-02 04:38:39', 14, 1, 1, 3.73, 6.91),
('2022-09-19 11:35:16', 10, 4, 1, 5.57, 5.53),
('2022-07-14 06:37:28', 2, 4, 1, 7.58, 1.78),
('2022-11-26 05:48:44', 13, 5, 1, 2.39, 8.59),
('2022-11-17 03:44:23', 12, 5, 1, 2.48, 2.12),
('2022-11-15 15:43:08', 1, 3, 1, 3.24, 4.65),
('2022-07-23 19:47:13', 5, 5, 1, 3.55, 2.85),
('2022-03-27 17:48:59', 9, 2, 1, 5.6, 6.02),
('2022-04-19 18:17:01', 9, 4, 1, 7.82, 4.29),
('2022-05-22 12:25:35', 11, 3, 1, 4.24, 5.19),
('2022-08-23 07:26:55', 7, 5, 1, 8.95, 7.49),
('2022-11-21 10:50:01', 5, 5, 1, 3.51, 7.67),
('2022-12-31 16:23:46', 10, 4, 1, 2.08, 0.49);

--
-- Triggers `history`
--
DELIMITER $$
CREATE TRIGGER `add_date` BEFORE INSERT ON `history` FOR EACH ROW BEGIN
	IF NEW.Time IS NULL OR NEW.Time = '' THEN
    	SET NEW.Time = NOW();
    END IF; 
END
$$
DELIMITER ;
DELIMITER $$
CREATE TRIGGER `add_kg` AFTER INSERT ON `history` FOR EACH ROW BEGIN
  UPDATE section
  SET OrganicWaste_kg = (SELECT SUM(OrganicWaste_kg) FROM history WHERE sectionID = NEW.sectionID),
      InorganicWaste_kg = (SELECT SUM(InorganicWaste_kg) FROM history WHERE sectionID = NEW.sectionID)
  WHERE sectionID = NEW.sectionID;
END
$$
DELIMITER ;
DELIMITER $$
CREATE TRIGGER `add_kg_update` AFTER UPDATE ON `history` FOR EACH ROW BEGIN
  UPDATE section
  SET OrganicWaste_kg = (SELECT SUM(OrganicWaste_kg) FROM history WHERE sectionID = NEW.sectionID),
      InorganicWaste_kg = (SELECT SUM(InorganicWaste_kg) FROM history WHERE sectionID = NEW.sectionID)
  WHERE sectionID = NEW.sectionID;
END
$$
DELIMITER ;
DELIMITER $$
CREATE TRIGGER `add_kg_user` AFTER INSERT ON `history` FOR EACH ROW BEGIN
  UPDATE user
  SET OrganicWaste_kg = (SELECT SUM(OrganicWaste_kg) FROM history WHERE sectionID = NEW.sectionID),
      InorganicWaste_kg = (SELECT SUM(InorganicWaste_kg) FROM history WHERE UserID = NEW.UserID)
  WHERE UserID = NEW.UserID;
END
$$
DELIMITER ;
DELIMITER $$
CREATE TRIGGER `add_kg_user_update` AFTER UPDATE ON `history` FOR EACH ROW BEGIN
  UPDATE user
  SET OrganicWaste_kg = (SELECT SUM(OrganicWaste_kg) FROM history WHERE sectionID = NEW.sectionID),
      InorganicWaste_kg = (SELECT SUM(InorganicWaste_kg) FROM history WHERE UserID = NEW.UserID)
  WHERE UserID = NEW.UserID;
END
$$
DELIMITER ;
DELIMITER $$
CREATE TRIGGER `add_section&BinID` BEFORE INSERT ON `history` FOR EACH ROW BEGIN
	IF NEW.SectionID IS NULL OR NEW.SectionID = '' THEN
    	SET NEW.SectionID = 1; 
    ELSEIF NEW.BinID IS NULL OR NEW.BinID = '' THEN 
    	SET NEW.BinID = 1;
    END IF; 
END
$$
DELIMITER ;

-- --------------------------------------------------------

--
-- Table structure for table `section`
--

CREATE TABLE `section` (
  `SectionID` int(11) NOT NULL,
  `OrganicWaste_kg` float DEFAULT NULL,
  `InorganicWaste_kg` float DEFAULT NULL
) ENGINE=InnoDB DEFAULT CHARSET=utf8 COLLATE=utf8_general_ci;

--
-- Dumping data for table `section`
--

INSERT INTO `section` (`SectionID`, `OrganicWaste_kg`, `InorganicWaste_kg`) VALUES
(1, 1833.37, 1821.32),
(2, 12, 12);

-- --------------------------------------------------------

--
-- Table structure for table `user`
--

CREATE TABLE `user` (
  `UserID` int(11) NOT NULL,
  `OrganicWaste_kg` float DEFAULT NULL,
  `InorganicWaste_kg` float DEFAULT NULL
) ENGINE=InnoDB DEFAULT CHARSET=utf8 COLLATE=utf8_general_ci;

--
-- Dumping data for table `user`
--

INSERT INTO `user` (`UserID`, `OrganicWaste_kg`, `InorganicWaste_kg`) VALUES
(1, 1797.62, 119.95),
(2, 1789.51, 130.28),
(3, 1747.42, 95.32),
(4, 1669.41, 169.92),
(5, 1831.29, 100.75),
(6, 1526.3, 95.27),
(7, 1827.78, 132.12),
(8, 1753.3, 73.08),
(9, 1814.59, 134.98),
(10, 1833.37, 102.04),
(11, 1818.83, 141.46),
(12, 1794.38, 145.55),
(13, 1791.9, 139.46),
(14, 1776.36, 194.89),
(15, 1746.3, 46.25);

--
-- Indexes for dumped tables
--

--
-- Indexes for table `fill_level`
--
ALTER TABLE `fill_level`
  ADD PRIMARY KEY (`BinID`);

--
-- Indexes for table `fill_level_history`
--
ALTER TABLE `fill_level_history`
  ADD PRIMARY KEY (`recordID`);

--
-- Indexes for table `history`
--
ALTER TABLE `history`
  ADD KEY `SectionID` (`SectionID`),
  ADD KEY `UserID` (`UserID`);

--
-- Indexes for table `section`
--
ALTER TABLE `section`
  ADD PRIMARY KEY (`SectionID`);

--
-- Indexes for table `user`
--
ALTER TABLE `user`
  ADD PRIMARY KEY (`UserID`);

--
-- AUTO_INCREMENT for dumped tables
--

--
-- AUTO_INCREMENT for table `fill_level_history`
--
ALTER TABLE `fill_level_history`
  MODIFY `recordID` int(11) NOT NULL AUTO_INCREMENT, AUTO_INCREMENT=864;

--
-- Constraints for dumped tables
--

--
-- Constraints for table `history`
--
ALTER TABLE `history`
  ADD CONSTRAINT `history_ibfk_1` FOREIGN KEY (`SectionID`) REFERENCES `section` (`SectionID`),
  ADD CONSTRAINT `history_ibfk_2` FOREIGN KEY (`UserID`) REFERENCES `user` (`UserID`);
COMMIT;

/*!40101 SET CHARACTER_SET_CLIENT=@OLD_CHARACTER_SET_CLIENT */;
/*!40101 SET CHARACTER_SET_RESULTS=@OLD_CHARACTER_SET_RESULTS */;
/*!40101 SET COLLATION_CONNECTION=@OLD_COLLATION_CONNECTION */;
